epochs,lr,sigma,umatrix_0_0,umatrix_0_1,umatrix_0_2,umatrix_0_3,umatrix_0_4,umatrix_0_5,umatrix_0_6,umatrix_0_7,umatrix_0_8,umatrix_0_9,umatrix_0_10,umatrix_0_11,umatrix_0_12,umatrix_0_13,umatrix_0_14,umatrix_1_0,umatrix_1_1,umatrix_1_2,umatrix_1_3,umatrix_1_4,umatrix_1_5,umatrix_1_6,umatrix_1_7,umatrix_1_8,umatrix_1_9,umatrix_1_10,umatrix_1_11,umatrix_1_12,umatrix_1_13,umatrix_1_14,umatrix_2_0,umatrix_2_1,umatrix_2_2,umatrix_2_3,umatrix_2_4,umatrix_2_5,umatrix_2_6,umatrix_2_7,umatrix_2_8,umatrix_2_9,umatrix_2_10,umatrix_2_11,umatrix_2_12,umatrix_2_13,umatrix_2_14,umatrix_3_0,umatrix_3_1,umatrix_3_2,umatrix_3_3,umatrix_3_4,umatrix_3_5,umatrix_3_6,umatrix_3_7,umatrix_3_8,umatrix_3_9,umatrix_3_10,umatrix_3_11,umatrix_3_12,umatrix_3_13,umatrix_3_14,umatrix_4_0,umatrix_4_1,umatrix_4_2,umatrix_4_3,umatrix_4_4,umatrix_4_5,umatrix_4_6,umatrix_4_7,umatrix_4_8,umatrix_4_9,umatrix_4_10,umatrix_4_11,umatrix_4_12,umatrix_4_13,umatrix_4_14,umatrix_5_0,umatrix_5_1,umatrix_5_2,umatrix_5_3,umatrix_5_4,umatrix_5_5,umatrix_5_6,umatrix_5_7,umatrix_5_8,umatrix_5_9,umatrix_5_10,umatrix_5_11,umatrix_5_12,umatrix_5_13,umatrix_5_14,umatrix_6_0,umatrix_6_1,umatrix_6_2,umatrix_6_3,umatrix_6_4,umatrix_6_5,umatrix_6_6,umatrix_6_7,umatrix_6_8,umatrix_6_9,umatrix_6_10,umatrix_6_11,umatrix_6_12,umatrix_6_13,umatrix_6_14,umatrix_7_0,umatrix_7_1,umatrix_7_2,umatrix_7_3,umatrix_7_4,umatrix_7_5,umatrix_7_6,umatrix_7_7,umatrix_7_8,umatrix_7_9,umatrix_7_10,umatrix_7_11,umatrix_7_12,umatrix_7_13,umatrix_7_14,umatrix_8_0,umatrix_8_1,umatrix_8_2,umatrix_8_3,umatrix_8_4,umatrix_8_5,umatrix_8_6,umatrix_8_7,umatrix_8_8,umatrix_8_9,umatrix_8_10,umatrix_8_11,umatrix_8_12,umatrix_8_13,umatrix_8_14,umatrix_9_0,umatrix_9_1,umatrix_9_2,umatrix_9_3,umatrix_9_4,umatrix_9_5,umatrix_9_6,umatrix_9_7,umatrix_9_8,umatrix_9_9,umatrix_9_10,umatrix_9_11,umatrix_9_12,umatrix_9_13,umatrix_9_14,umatrix_10_0,umatrix_10_1,umatrix_10_2,umatrix_10_3,umatrix_10_4,umatrix_10_5,umatrix_10_6,umatrix_10_7,umatrix_10_8,umatrix_10_9,umatrix_10_10,umatrix_10_11,umatrix_10_12,umatrix_10_13,umatrix_10_14,umatrix_11_0,umatrix_11_1,umatrix_11_2,umatrix_11_3,umatrix_11_4,umatrix_11_5,umatrix_11_6,umatrix_11_7,umatrix_11_8,umatrix_11_9,umatrix_11_10,umatrix_11_11,umatrix_11_12,umatrix_11_13,umatrix_11_14,umatrix_12_0,umatrix_12_1,umatrix_12_2,umatrix_12_3,umatrix_12_4,umatrix_12_5,umatrix_12_6,umatrix_12_7,umatrix_12_8,umatrix_12_9,umatrix_12_10,umatrix_12_11,umatrix_12_12,umatrix_12_13,umatrix_12_14,umatrix_13_0,umatrix_13_1,umatrix_13_2,umatrix_13_3,umatrix_13_4,umatrix_13_5,umatrix_13_6,umatrix_13_7,umatrix_13_8,umatrix_13_9,umatrix_13_10,umatrix_13_11,umatrix_13_12,umatrix_13_13,umatrix_13_14,umatrix_14_0,umatrix_14_1,umatrix_14_2,umatrix_14_3,umatrix_14_4,umatrix_14_5,umatrix_14_6,umatrix_14_7,umatrix_14_8,umatrix_14_9,umatrix_14_10,umatrix_14_11,umatrix_14_12,umatrix_14_13,umatrix_14_14
5,0.1000,2.0000,0.35167202,0.27041179,0.31907148,0.23373792,0.18741947,0.18588139,0.33602750,0.35802345,0.36717735,0.48193927,0.45028614,0.30639044,0.19162211,0.26370842,0.39391395,0.32475710,0.26058973,0.25764135,0.16909676,0.20844789,0.21057159,0.21230036,0.44631994,0.40941634,0.37217269,0.31680304,0.22677699,0.14831962,0.19563765,0.20839438,0.29283663,0.20076367,0.16522749,0.14095184,0.10020586,0.11133474,0.21207050,0.29475167,0.34863150,0.25225426,0.14105269,0.19805765,0.11509639,0.14697742,0.12365048,0.24249332,0.22973205,0.28324548,0.16203218,0.20216855,0.19418735,0.18183595,0.24316570,0.25736306,0.13054119,0.08503203,0.11591154,0.16335486,0.11891367,0.11150706,0.27475734,0.42340557,0.29155740,0.27053195,0.23431360,0.28757632,0.28797524,0.24115941,0.20244743,0.18287999,0.13255132,0.10620761,0.18275807,0.11145691,0.14922276,0.30365061,0.33043529,0.35449382,0.37642175,0.31050456,0.25455484,0.41145406,0.29557080,0.20540652,0.25266948,0.23081514,0.18397076,0.16334523,0.20885476,0.20018434,0.49654057,0.23551549,0.19819384,0.34784900,0.35256094,0.25065352,0.27368999,0.27111452,0.28088809,0.22694379,0.21827605,0.33762267,0.23423105,0.20806309,0.25366072,0.24466454,0.34082606,0.38909414,0.29636481,0.31353964,0.32345733,0.27232016,0.24541267,0.24400835,0.28432981,0.19451854,0.21045505,0.33825159,0.21717758,0.39277062,0.18942946,0.30630451,0.27956695,0.23042277,0.24945924,0.24007432,0.27615741,0.28829269,0.24526420,0.17879378,0.28959195,0.32747389,0.24468058,0.31557870,0.32118802,0.19909642,0.22897312,0.19359319,0.33847492,0.31817836,0.35095515,0.22187184,0.25800167,0.25728159,0.25288536,0.27097410,0.24749696,0.32811228,0.37748801,0.26013451,0.16433730,0.15550156,0.26869699,0.22380687,0.31714361,0.16373572,0.16347538,0.18101645,0.28303753,0.32318315,0.27623847,0.41764262,0.34054508,0.38753576,0.41694023,0.18429857,0.20725949,0.22564752,0.30828779,0.17796855,0.19479738,0.19737750,0.26361302,0.25709994,0.32913178,0.34150927,0.26015663,0.41205596,0.28997137,0.29618596,0.23553671,0.40512396,0.31801431,0.21835781,0.21918712,0.15556637,0.19713707,0.24498127,0.27476546,0.34767356,0.30781381,0.27639877,0.30595575,0.25091025,0.13059932,0.52742046,0.31584911,0.26240669,0.26236526,0.17730786,0.11539565,0.10906673,0.20931639,0.25607819,0.35369174,0.32345355,0.35664538,0.37943297,0.20946576,0.28221413,0.38549442,0.30638998,0.50555101,0.37703455,0.22287691,0.13570512,0.12862918,0.09729845,0.28337723,0.40055210,0.38811179,0.47866756,0.30435815,0.25006545,0.21413192
5,0.1000,4.0000,0.10700336,0.09051875,0.08964976,0.06506979,0.07394150,0.06915975,0.06341502,0.07849008,0.08364697,0.07907887,0.08377564,0.09117958,0.08722034,0.07377934,0.07721236,0.19635954,0.09388168,0.09999007,0.08925852,0.06967474,0.07330511,0.06449406,0.07505400,0.08240685,0.07878786,0.08012933,0.08612943,0.08414133,0.07664960,0.07129180,0.08793198,0.07706412,0.10441737,0.09957127,0.07679889,0.08508642,0.07354611,0.07284371,0.08101921,0.08063908,0.07872211,0.08207338,0.08451024,0.08148995,0.07934171,0.09647799,0.07810346,0.07487175,0.08883532,0.08996852,0.09445726,0.08446915,0.07588170,0.07489812,0.07606134,0.07465912,0.07709568,0.08040412,0.08113693,0.08278339,0.12068898,0.13195767,0.10793329,0.09701351,0.09179535,0.11529400,0.10166717,0.07757675,0.07017620,0.06911688,0.06921247,0.07140494,0.07512318,0.07365320,0.07387176,0.14199898,0.16262860,0.21061087,0.16303439,0.11543588,0.15285077,0.12851279,0.08545005,0.07765340,0.07632610,0.07549059,0.07151609,0.07204807,0.06717232,0.06785257,0.14922532,0.20076099,0.17190110,0.14665792,0.13956558,0.15431286,0.16259357,0.12620310,0.10919338,0.10816854,0.10851199,0.10148655,0.09686196,0.08157622,0.07156185,0.24131312,0.14628788,0.18261039,0.10362893,0.09632068,0.11860525,0.14678009,0.15061368,0.15350450,0.16392843,0.15189505,0.14246639,0.15263422,0.13840510,0.12534684,0.11605690,0.16301576,0.14398419,0.13104064,0.06541155,0.07828477,0.12217573,0.12605713,0.12666166,0.13153881,0.14336359,0.16406719,0.15941668,0.17943298,0.19019189,0.15507101,0.17357760,0.10399979,0.06527436,0.07406250,0.06181790,0.06908202,0.10084624,0.08668261,0.07059706,0.10810567,0.13370336,0.15788029,0.14910444,0.14188364,0.21000580,0.12461577,0.10683048,0.09976220,0.06134302,0.05957472,0.05877241,0.07566050,0.09795415,0.06902193,0.07995695,0.08655491,0.10384848,0.12858494,0.14461763,0.18031930,0.14387777,0.15428704,0.09488027,0.06342809,0.06710287,0.07402667,0.07714417,0.07340907,0.06549356,0.05694195,0.05529824,0.05908291,0.08572301,0.10397145,0.11144461,0.10036996,0.11332075,0.08768061,0.07109551,0.10397073,0.07403486,0.07922987,0.04916632,0.05233106,0.05485734,0.04435513,0.03817595,0.03566314,0.03861467,0.13945469,0.10786444,0.11457638,0.08718675,0.09920060,0.11767918,0.11635210,0.08048006,0.05744056,0.04298067,0.04397664,0.04226865,0.03484578,0.03673581,0.03051364,0.16589556,0.37376927,0.12362455,0.11596681,0.18874462,0.15710676,0.10144079,0.08297042,0.06961779,0.05033170,0.05190382,0.05151056,0.03989469,0.02627306,0.02737768
5,0.1000,6.0000,0.04028731,0.04743782,0.03272137,0.03874670,0.04983676,0.03432570,0.02934652,0.02760086,0.02632727,0.02609312,0.02585232,0.02894021,0.02570754,0.02141590,0.01698467,0.07096467,0.06298456,0.06170631,0.06429251,0.06380000,0.05415775,0.04688785,0.04329779,0.03718354,0.03372720,0.03138415,0.03093876,0.02911305,0.02499773,0.01896825,0.11482732,0.10843327,0.10545676,0.10488039,0.09922099,0.08907344,0.07881348,0.06957581,0.06345615,0.05362881,0.04626802,0.04152937,0.03388337,0.02272127,0.01936245,0.14090064,0.13265759,0.13243771,0.13114167,0.12701773,0.12245432,0.11311350,0.10529261,0.09519583,0.08350031,0.07122800,0.05786026,0.04225540,0.02733221,0.02597673,0.13994861,0.13216277,0.13192796,0.13080079,0.13158859,0.13224245,0.13341470,0.13057989,0.12379218,0.11396849,0.09984083,0.08082638,0.05866308,0.03742953,0.02551094,0.10547995,0.10082425,0.10302379,0.10305314,0.10430791,0.10742517,0.11368144,0.11966327,0.12438324,0.12639601,0.12214882,0.10748048,0.08491383,0.05978182,0.04834960,0.06778197,0.06657122,0.06933609,0.07128898,0.07177992,0.07352855,0.07753307,0.08548502,0.09723853,0.11120682,0.12285221,0.12089819,0.10479195,0.08338856,0.07411001,0.05154543,0.05120802,0.05351947,0.05515599,0.05500043,0.05376603,0.05452565,0.05804835,0.06699976,0.08261638,0.10343673,0.11551256,0.11283493,0.09956776,0.09194904,0.05157119,0.05118191,0.05319113,0.05412766,0.05293975,0.05004677,0.04847119,0.04862560,0.05175953,0.06180608,0.08022658,0.09849036,0.10607118,0.10588808,0.10455071,0.05712321,0.05614447,0.05740925,0.05769499,0.05548743,0.05240381,0.05176917,0.05142657,0.05082096,0.05329121,0.06261121,0.07752096,0.08727136,0.09208237,0.09534673,0.05913841,0.05852183,0.06009984,0.06026989,0.05742983,0.05446900,0.05575686,0.05793348,0.05696874,0.05468430,0.05490278,0.06148513,0.06985734,0.07469591,0.06595808,0.05584628,0.05749446,0.06074841,0.06174842,0.05957672,0.05625418,0.05781925,0.06228433,0.06325890,0.05948926,0.05367596,0.05178383,0.05667720,0.05795320,0.06196197,0.05099536,0.05527581,0.06014635,0.06272373,0.06257493,0.05885725,0.05802081,0.06191577,0.06474209,0.06204857,0.05496498,0.04905193,0.04684760,0.05020011,0.04308146,0.04642152,0.05184586,0.05731339,0.06110597,0.06344945,0.05953013,0.05563483,0.05776881,0.06092900,0.06026543,0.05525690,0.04692983,0.04606317,0.04486599,0.03399267,0.04544182,0.05094709,0.05753567,0.06154178,0.06591424,0.06171192,0.05604562,0.05746693,0.06064595,0.06078172,0.05677228,0.04751358,0.04727128,0.04386711,0.04312468
5,0.3000,2.0000,0.16295916,0.14040012,0.10367733,0.10526695,0.19979365,0.22209898,0.26108623,0.18747497,0.19800593,0.11578902,0.04894706,0.04803229,0.07612374,0.07522737,0.06448928,0.14354486,0.11410734,0.07866168,0.09984144,0.13844453,0.20882701,0.18154184,0.21041726,0.21821867,0.12677836,0.06483250,0.05560990,0.07566975,0.08529405,0.07764144,0.20195899,0.11593184,0.06556501,0.05613605,0.06820043,0.10393073,0.07114318,0.11175578,0.17450535,0.18429618,0.11262264,0.07282801,0.07901147,0.09430565,0.10530179,0.23350655,0.16840183,0.08005849,0.07599868,0.07107621,0.07335740,0.05541170,0.07643785,0.14681302,0.19879111,0.16610902,0.09440844,0.09798289,0.09202019,0.09277215,0.24427484,0.18430406,0.16500794,0.13031690,0.13123859,0.09030162,0.08081624,0.08616785,0.09610738,0.18094286,0.18563867,0.12941750,0.09134536,0.08471687,0.08905757,0.33437577,0.22697893,0.17950424,0.17917454,0.15889094,0.13252909,0.09188854,0.09143743,0.13354604,0.13700441,0.17557438,0.13645915,0.09867962,0.08129991,0.08176380,0.39722824,0.39077761,0.17114097,0.27155604,0.15666727,0.14795525,0.15259192,0.11887961,0.15104463,0.22224013,0.16921503,0.12140269,0.09424788,0.09038808,0.07842083,0.22996638,0.19355996,0.16567107,0.15598473,0.20865866,0.17172678,0.21490082,0.21553874,0.23035216,0.20555467,0.16869020,0.12503511,0.12293932,0.07996420,0.07994334,0.11532754,0.11128998,0.10858952,0.10506984,0.12115712,0.19946794,0.25369747,0.21320313,0.16011809,0.17260751,0.16375760,0.14158324,0.11408521,0.10745877,0.12428853,0.04519049,0.05495250,0.07831844,0.07934905,0.11130064,0.23887755,0.24884924,0.13444399,0.08240009,0.11198599,0.14753523,0.16161946,0.15004554,0.15799625,0.16493350,0.02813244,0.03773860,0.05439293,0.07495688,0.12716080,0.24456481,0.27762998,0.13416334,0.07252996,0.07075682,0.11269304,0.14080621,0.15893692,0.16841160,0.18327893,0.04834554,0.06199092,0.07509723,0.09308675,0.12354956,0.24850997,0.29092702,0.17386860,0.09049071,0.07417291,0.09519059,0.12123587,0.14806716,0.14991568,0.14502666,0.09574402,0.06979381,0.07394897,0.09655166,0.13335256,0.21217186,0.27752017,0.22037322,0.13242284,0.09327560,0.10030056,0.12072702,0.13629248,0.14588116,0.14497690,0.11909395,0.11370095,0.08504792,0.10275078,0.10489951,0.15080349,0.22594167,0.22825088,0.18622147,0.14797499,0.13547374,0.13200842,0.12724668,0.15266281,0.18176728,0.19375083,0.16191984,0.12537581,0.08804035,0.08433756,0.13492922,0.19785052,0.21111949,0.23065742,0.20312326,0.15935037,0.13360090,0.12680956,0.15200254,0.19614795
5,0.3000,4.0000,0.09235798,0.08646552,0.09812877,0.09749225,0.09044660,0.07239617,0.06726103,0.07035114,0.07365594,0.07627405,0.07175726,0.05755295,0.05263547,0.06261645,0.05965938,0.09794900,0.09666964,0.09279845,0.09023280,0.08402734,0.06969174,0.06128700,0.06775575,0.07406161,0.07725886,0.07126601,0.05747988,0.05504966,0.07224542,0.07355680,0.08932292,0.08454969,0.07909263,0.07946189,0.07767203,0.07039043,0.06516422,0.06837645,0.07727321,0.08072698,0.06889465,0.05709615,0.06938118,0.10244239,0.10816671,0.05798651,0.06016075,0.06543294,0.06972962,0.07185855,0.07044150,0.06769938,0.06861085,0.07322508,0.07236624,0.06145554,0.06592663,0.10685261,0.14532029,0.15180122,0.05611128,0.05651801,0.06633277,0.07103416,0.07055101,0.07109673,0.06679221,0.05944732,0.05947589,0.05939495,0.06432988,0.10170710,0.16188256,0.17257149,0.16147557,0.07235762,0.07097551,0.07445507,0.07209259,0.06740477,0.07009706,0.06213245,0.05061016,0.04904619,0.05501947,0.08264656,0.14977742,0.19421940,0.14880003,0.10120255,0.09599350,0.08600107,0.08049856,0.06919706,0.06194450,0.06432689,0.06063465,0.05082801,0.04987645,0.06122343,0.11078492,0.18678509,0.18407645,0.09496080,0.04856613,0.09122165,0.08525489,0.08039545,0.06877202,0.06140079,0.06383021,0.05888254,0.05151592,0.05171925,0.07368058,0.14027129,0.19751059,0.15026500,0.06476885,0.03309387,0.06387519,0.06959113,0.07878515,0.07998001,0.08259489,0.08398791,0.07640197,0.06872187,0.07055009,0.10186768,0.15971545,0.17974662,0.11506356,0.05307896,0.03630454,0.07687891,0.08852057,0.11142654,0.13125015,0.14789868,0.15314916,0.14568502,0.13621485,0.13464135,0.14443976,0.16001361,0.13862028,0.08950195,0.05511223,0.04789053,0.17534522,0.17799396,0.19637710,0.20904434,0.21174079,0.20466102,0.19369773,0.18255617,0.16882783,0.14863421,0.12938238,0.09532659,0.08086689,0.07277028,0.07449776,0.24415243,0.22913451,0.21976869,0.19836044,0.17189199,0.15008732,0.13870135,0.13016498,0.11755106,0.10261281,0.09031305,0.07808999,0.08792845,0.09954750,0.11312834,0.16965013,0.15365305,0.13432134,0.10907725,0.08516306,0.06851379,0.06354976,0.06261511,0.06011980,0.06217211,0.07909561,0.09117260,0.10877038,0.11131643,0.12315280,0.07296915,0.07133140,0.06242059,0.05222838,0.04490494,0.03602277,0.03359394,0.03628936,0.03852407,0.04825621,0.08207735,0.11496365,0.12060643,0.09956422,0.08763272,0.05236384,0.04945163,0.04548566,0.04041157,0.03780431,0.03044697,0.02625523,0.02957058,0.03385797,0.04557153,0.08673478,0.13591876,0.12951488,0.08040928,0.06650581
5,0.3000,6.0000,0.03495182,0.05963823,0.12404544,0.18468540,0.17679857,0.10602772,0.05595207,0.04330004,0.04455422,0.04368050,0.03960733,0.03721241,0.03794255,0.03502836,0.02406822,0.04152774,0.05746465,0.10941570,0.17109043,0.17934320,0.12601072,0.07274984,0.05340243,0.04858181,0.04498343,0.04165588,0.04161231,0.04276064,0.03814466,0.03459010,0.03304750,0.04471063,0.08578840,0.14807976,0.18308804,0.16460444,0.11964758,0.08683174,0.06753187,0.05577309,0.05132660,0.05296249,0.05128447,0.04108367,0.03524791,0.02836288,0.03552882,0.06276171,0.11091513,0.15880698,0.17863562,0.16914154,0.14222960,0.11215786,0.08823617,0.07578305,0.07131646,0.05986072,0.04250866,0.03461632,0.02746049,0.03267651,0.04931548,0.07767212,0.11506832,0.15142737,0.17555384,0.17974836,0.16743496,0.14638378,0.12581117,0.10888648,0.08520820,0.05878198,0.04890316,0.03050438,0.03570312,0.04676351,0.05895723,0.07618946,0.10117647,0.12702867,0.14708282,0.16154104,0.16935110,0.16937100,0.16126936,0.14028269,0.11027943,0.09866794,0.03905964,0.04391384,0.05217226,0.05587839,0.05926760,0.06799878,0.07801305,0.08628224,0.09963842,0.11963228,0.14343536,0.16446816,0.17092143,0.15825102,0.15373949,0.05154409,0.05520136,0.06105867,0.06165710,0.05973534,0.05935766,0.06044960,0.05939308,0.06015890,0.06845175,0.08487619,0.10943722,0.13171138,0.13633982,0.13799193,0.06091929,0.06282344,0.06522204,0.06427533,0.06115272,0.05832923,0.05922844,0.05774913,0.05431094,0.05334460,0.05602260,0.06727951,0.08360318,0.08695573,0.08480383,0.06272819,0.06512873,0.06594510,0.06350500,0.06045389,0.05760161,0.05859128,0.06007656,0.05896689,0.05749078,0.05505560,0.05613664,0.06303393,0.06275893,0.05835701,0.06137405,0.06635286,0.06817720,0.06456618,0.06300620,0.06143087,0.06099463,0.06313580,0.06656645,0.07000718,0.06673684,0.05912441,0.05594378,0.05190762,0.04638636,0.06401658,0.07029037,0.07129813,0.06439308,0.06453417,0.06761202,0.06712299,0.06510779,0.06892554,0.07677456,0.07670975,0.06681575,0.05748838,0.04946055,0.04229784,0.07076483,0.07708977,0.07535769,0.06260373,0.06281370,0.07043778,0.07106326,0.06382179,0.06153305,0.06899393,0.07613451,0.07370702,0.06570667,0.05596635,0.04779782,0.07105710,0.07933629,0.07405883,0.05645727,0.05679233,0.06672180,0.06904832,0.06044250,0.05313448,0.05839031,0.06772836,0.06926368,0.06552272,0.05743332,0.04855983,0.06558635,0.07961394,0.07236397,0.05306295,0.05329638,0.06545947,0.06959164,0.06068180,0.05230238,0.05437692,0.06330183,0.06438027,0.06113877,0.05478136,0.03855673
5,0.5000,2.0000,0.24586295,0.10218995,0.19190945,0.24859070,0.21179419,0.20188892,0.24597751,0.19209284,0.12269604,0.10009070,0.10231333,0.12324815,0.09966829,0.11003276,0.07805052,0.10762157,0.11299589,0.19505065,0.25426865,0.18885207,0.16849697,0.18470682,0.16022838,0.14528120,0.09983696,0.11874925,0.12928675,0.11411956,0.10591548,0.12477720,0.05540759,0.06478896,0.18640928,0.28655360,0.19378382,0.12861599,0.14227202,0.14954231,0.12645867,0.13388592,0.13429336,0.14633125,0.13118432,0.13442304,0.12736605,0.04964439,0.05646931,0.15255199,0.30543740,0.24235243,0.13705816,0.12429031,0.13412960,0.12958679,0.13635376,0.13942208,0.14713534,0.14089276,0.15686891,0.12241456,0.06889054,0.08397458,0.12757347,0.26177533,0.30522627,0.20553142,0.13826189,0.12970183,0.13407877,0.12506763,0.13132620,0.14076373,0.13808377,0.11555014,0.11113883,0.08590130,0.07384803,0.08945730,0.17395004,0.26733296,0.28786253,0.22027668,0.15813119,0.13103196,0.11208484,0.10565629,0.11411983,0.10456346,0.10008099,0.09349966,0.07354506,0.07359520,0.06354350,0.08862279,0.18109207,0.22726525,0.27796142,0.24337602,0.18854639,0.13786025,0.11512161,0.09467507,0.10551748,0.11167204,0.14671905,0.10147871,0.07992070,0.05484895,0.07032804,0.08284529,0.11434439,0.16818983,0.23636286,0.26108359,0.24498487,0.20730478,0.19065132,0.19752734,0.21566306,0.22628262,0.07794331,0.06845168,0.04609952,0.05384212,0.05042328,0.04765740,0.06141515,0.10392907,0.16204317,0.21121686,0.23740412,0.24079528,0.24525929,0.24040214,0.24715419,0.10242625,0.06803932,0.04776009,0.05087357,0.05649602,0.05566809,0.05975571,0.05954142,0.07637533,0.09733717,0.11895953,0.12924962,0.11800047,0.11319295,0.11735354,0.10114923,0.08523913,0.05062157,0.05810702,0.06520276,0.07656346,0.07201329,0.06903431,0.06018196,0.06214015,0.06632258,0.05437055,0.03924218,0.04385277,0.04383913,0.11655363,0.06545082,0.04535532,0.05179987,0.05180532,0.05203960,0.05184774,0.05229225,0.04359752,0.05086305,0.05255601,0.04394299,0.04184892,0.04714291,0.05168593,0.07557236,0.05822261,0.08388982,0.04847000,0.03897400,0.05091347,0.04558538,0.03363273,0.03014884,0.04126207,0.04493021,0.04201223,0.05120276,0.06253475,0.06783842,0.12922652,0.12069795,0.07734208,0.05310122,0.04758004,0.05520953,0.05673183,0.03816727,0.03388123,0.04575282,0.04743285,0.04673438,0.05753527,0.06596353,0.06280814,0.21159224,0.15876960,0.09205015,0.05410018,0.08200655,0.09331672,0.07010719,0.04782822,0.03422201,0.04583000,0.05251626,0.05794554,0.05888170,0.06276733,0.06740432
5,0.5000,4.0000,0.03053994,0.03725991,0.03632557,0.02801704,0.03191518,0.04883237,0.05182084,0.04313775,0.03547268,0.03413153,0.04119271,0.04972853,0.05620380,0.06000027,0.06963356,0.05264397,0.05107696,0.04880382,0.04794947,0.06364419,0.08778613,0.09186714,0.07550359,0.05959442,0.05003171,0.04807422,0.05310997,0.05682334,0.05750720,0.05494755,0.10384263,0.10353675,0.11296052,0.13102464,0.16250721,0.18265510,0.18128039,0.16418952,0.14197369,0.11931515,0.10688047,0.10263837,0.09760709,0.08689680,0.07828331,0.16906004,0.17080118,0.18855273,0.19939605,0.20053422,0.18782091,0.18109124,0.19716553,0.21504919,0.22308486,0.22356886,0.22157237,0.21524261,0.19749820,0.19429746,0.15208152,0.15736299,0.16311760,0.14401949,0.11705631,0.09656933,0.09013224,0.11341049,0.15110666,0.18633162,0.21149805,0.23105148,0.24298276,0.24318773,0.25218769,0.08725243,0.09868896,0.10088851,0.07732857,0.05883476,0.04773435,0.04575352,0.05762417,0.07325624,0.08658006,0.09994009,0.11335530,0.12880489,0.14287422,0.15245333,0.07018957,0.07701677,0.07654543,0.05942826,0.05057385,0.04569390,0.04679940,0.05193800,0.05548760,0.05917503,0.06043807,0.05797184,0.06505351,0.07608552,0.07886789,0.06005014,0.06476993,0.06344555,0.05876493,0.05848134,0.05673604,0.05861651,0.05760878,0.05891574,0.06323224,0.06562631,0.06273760,0.07520887,0.09107842,0.09560961,0.04596254,0.05321981,0.05829501,0.06660815,0.07389049,0.07479883,0.07134826,0.06850097,0.07111324,0.07771400,0.07978197,0.08711986,0.10232327,0.11123104,0.11077582,0.04193871,0.05525643,0.06848024,0.08316901,0.09131163,0.08444354,0.07038357,0.06334070,0.06992882,0.08014649,0.08439011,0.09041182,0.09600365,0.09235508,0.08481074,0.05979237,0.07420484,0.09154207,0.10167756,0.09173999,0.07880728,0.06029020,0.05091370,0.06107991,0.06799725,0.06959898,0.06859387,0.06965374,0.06549091,0.06577803,0.08215585,0.09412148,0.10973660,0.09597022,0.07433108,0.06533490,0.06311358,0.06246084,0.07008853,0.07493374,0.07137434,0.06791289,0.06570090,0.05953007,0.05459167,0.07267613,0.08692603,0.10067158,0.08627359,0.06345197,0.06482989,0.06623167,0.07215718,0.08555435,0.09373242,0.09232426,0.09243664,0.08799174,0.08199238,0.07460964,0.05361538,0.06458761,0.07664241,0.07492724,0.06472977,0.06012575,0.06193688,0.06555863,0.08797953,0.10061931,0.09875499,0.09536052,0.10640068,0.10896062,0.10596769,0.03689720,0.05587334,0.06786381,0.06632004,0.06068611,0.05786002,0.05482971,0.06054289,0.09003889,0.09913598,0.08081004,0.09331042,0.10194931,0.10805315,0.12687811
5,0.5000,6.0000,0.04607606,0.05448600,0.05786706,0.06225625,0.06572968,0.05957779,0.05033611,0.04668416,0.05328226,0.06839144,0.08322590,0.09038945,0.08732816,0.07582908,0.06759699,0.05935587,0.06249474,0.06729211,0.07176613,0.06803764,0.05650661,0.05192144,0.05515459,0.06464867,0.07415691,0.08126202,0.09080583,0.09528084,0.08931343,0.08237013,0.05393945,0.05978044,0.07029680,0.07774251,0.06967085,0.05330903,0.05102538,0.06512951,0.07728166,0.07596150,0.07281693,0.08282763,0.09208646,0.08730517,0.08387593,0.04034661,0.05000630,0.05637738,0.06594935,0.06379678,0.05224152,0.05309559,0.06709796,0.07335215,0.06780301,0.06366820,0.07076233,0.07566424,0.06482347,0.05570230,0.05020047,0.05170557,0.05409717,0.05617188,0.05580725,0.05404756,0.06070632,0.07052552,0.06859412,0.06401818,0.06609120,0.07074103,0.06911729,0.05446998,0.04117868,0.05752909,0.06004386,0.06120812,0.05503180,0.04988193,0.05249948,0.06687243,0.07851333,0.07050327,0.06305617,0.07038414,0.07588426,0.07058797,0.05500720,0.04128782,0.06713346,0.07006069,0.07335575,0.06329948,0.05171903,0.05149329,0.06684613,0.08324777,0.07568065,0.06589494,0.07044980,0.08053517,0.07822961,0.06163670,0.04900517,0.11794369,0.11651537,0.11416324,0.09689351,0.07368990,0.06018324,0.06488532,0.08121187,0.08268175,0.07042667,0.07046126,0.08030777,0.08497459,0.06825131,0.05444798,0.16586627,0.16542289,0.17287865,0.16210942,0.13392748,0.10411696,0.08726355,0.08830537,0.09064456,0.08037755,0.07070704,0.07322345,0.08143777,0.07140108,0.05966851,0.12662345,0.13254330,0.15925163,0.18246458,0.18684172,0.17478302,0.15997875,0.14828424,0.13636033,0.11761747,0.09329048,0.07882472,0.07747505,0.07227409,0.06563138,0.06365261,0.06822548,0.08900414,0.12098243,0.14704211,0.16584928,0.18501316,0.20160912,0.20719161,0.19310880,0.15792174,0.11725716,0.08863814,0.07344121,0.06845753,0.04052264,0.04340409,0.05347498,0.06900688,0.08066145,0.09253673,0.11843792,0.15445194,0.19327438,0.22112419,0.21661204,0.17512035,0.12118126,0.08331819,0.07105005,0.03578013,0.04087384,0.04866820,0.05226138,0.05018523,0.05160161,0.06466474,0.08568744,0.11446915,0.15618667,0.19815670,0.20692650,0.16144837,0.10424464,0.07908339,0.03235541,0.03834542,0.04558150,0.04408951,0.03885246,0.03976577,0.04651271,0.05310647,0.06215020,0.08112679,0.13208784,0.18678300,0.18451581,0.12871643,0.09027252,0.02173060,0.03649326,0.04352215,0.03984464,0.03437690,0.03683437,0.04302501,0.04593289,0.04752531,0.05509792,0.09459863,0.16925918,0.19718187,0.14758977,0.07837100
10,0.1000,2.0000,0.15744868,0.10104037,0.16045467,0.18174582,0.12268345,0.12897248,0.18011892,0.18201267,0.16514555,0.15065109,0.23367527,0.26496905,0.25133352,0.14152821,0.12334931,0.10434974,0.11701805,0.19725257,0.16878379,0.14844607,0.12443356,0.18549952,0.32247708,0.15264525,0.20285089,0.20725614,0.26122450,0.22449289,0.12750632,0.14067796,0.23718798,0.19358781,0.18766366,0.15534177,0.17579403,0.16807287,0.19863624,0.21670133,0.15734076,0.13702773,0.24310059,0.27734114,0.16149320,0.10678471,0.10715937,0.19672372,0.19644106,0.19665317,0.15976364,0.15244014,0.24861043,0.26421046,0.20287329,0.18064762,0.11625234,0.21268851,0.30225857,0.17919609,0.12072952,0.13413236,0.14595753,0.13863048,0.11841042,0.11144675,0.12557550,0.16897781,0.29559907,0.18382935,0.18283219,0.19564980,0.26117705,0.32134137,0.18604375,0.14903828,0.12810141,0.08115963,0.10043223,0.06633776,0.08895730,0.13399590,0.12440563,0.20951503,0.17682638,0.18667343,0.18262104,0.31681125,0.29459357,0.21611986,0.13847208,0.11673737,0.12143753,0.08148724,0.09400033,0.10187452,0.08239574,0.18242828,0.17482098,0.24196028,0.22853051,0.26081077,0.26344214,0.23099958,0.19719774,0.13745894,0.14380649,0.10322980,0.10488944,0.09942568,0.09392683,0.08813631,0.13796949,0.24031336,0.23618527,0.19695014,0.24894537,0.20307151,0.21364597,0.17070128,0.14419569,0.12882772,0.12038349,0.10557502,0.11157663,0.07725005,0.09204235,0.15622014,0.15194619,0.20155169,0.17664932,0.14821566,0.32475818,0.20065072,0.12084615,0.13337880,0.13514665,0.13733458,0.11375435,0.11797546,0.06866855,0.10192248,0.13671211,0.17004469,0.20128337,0.22174917,0.22269154,0.28264269,0.20752699,0.09712778,0.11080195,0.18217337,0.08484745,0.10811155,0.13275786,0.15569800,0.13862720,0.20120121,0.23117645,0.23008638,0.18631153,0.20735045,0.28850649,0.18627660,0.07584348,0.11393803,0.10982338,0.14375820,0.08665510,0.15915717,0.16472359,0.20331768,0.17702695,0.18374441,0.15553871,0.18355296,0.18772763,0.26159092,0.17337310,0.06403260,0.08275141,0.14398207,0.06742825,0.08795029,0.12970202,0.22534733,0.19501066,0.12339628,0.11179415,0.09406240,0.18461211,0.24120293,0.23110530,0.13975680,0.07520208,0.08740829,0.10205790,0.06116015,0.08697179,0.13173843,0.21090265,0.22343615,0.10734322,0.10047985,0.11263071,0.18268197,0.26758263,0.22834176,0.10721051,0.08641622,0.07746218,0.07845420,0.10339562,0.10276725,0.14091075,0.24085917,0.23438445,0.13041857,0.07562152,0.11774116,0.19539431,0.27943402,0.24041774,0.11189120,0.07113724,0.08141856,0.07209624
10,0.1000,4.0000,0.08097325,0.08782612,0.07927968,0.08367728,0.08706382,0.07193514,0.05466994,0.05931870,0.11320085,0.18212634,0.19520068,0.12414062,0.05597050,0.04380598,0.02826646,0.08971576,0.08605480,0.08470365,0.08637700,0.08670498,0.07179890,0.05541863,0.05895869,0.11036530,0.17398945,0.18297301,0.11904834,0.05917572,0.03908077,0.03894352,0.07602216,0.07779062,0.08160460,0.08514698,0.08729944,0.07483085,0.05844317,0.06151693,0.11156934,0.17734759,0.18100650,0.11759141,0.05892255,0.04008677,0.03949043,0.06500762,0.06669961,0.07222539,0.07669991,0.08273833,0.07506810,0.05990143,0.06447505,0.11667245,0.18051022,0.17753683,0.11039856,0.05345609,0.03623509,0.03272458,0.06966789,0.07159709,0.07244453,0.07262426,0.07791892,0.07170791,0.05832248,0.06594979,0.12120269,0.18205651,0.16675796,0.09868934,0.05206717,0.03560080,0.03258214,0.07503635,0.07392120,0.07147038,0.06795870,0.07206532,0.06612184,0.05476942,0.06607445,0.12270923,0.17467201,0.15145591,0.08599706,0.04649100,0.03525211,0.03160632,0.06583735,0.06631562,0.06553783,0.06403182,0.06588275,0.06121843,0.05485451,0.07014235,0.12254105,0.16700478,0.13939956,0.07500132,0.04209348,0.03061144,0.02539199,0.05234330,0.05624340,0.06372531,0.06614233,0.06475258,0.05708291,0.05199737,0.06566924,0.11642861,0.15853932,0.13257856,0.07196078,0.04041640,0.02904657,0.02419134,0.04622508,0.05461647,0.06846883,0.07311844,0.06396485,0.05248297,0.04566156,0.06179109,0.11251861,0.15567153,0.12856175,0.07016070,0.04216372,0.03184678,0.02860027,0.05265489,0.06082598,0.07448542,0.07363998,0.06050718,0.05000642,0.04849872,0.06971295,0.12165765,0.15846195,0.12883331,0.07427557,0.04481123,0.03464313,0.03248365,0.06330925,0.06592280,0.07202849,0.06507729,0.05399418,0.04939514,0.05529549,0.08235454,0.13382793,0.15851494,0.12224694,0.07159854,0.04663963,0.03765244,0.03538227,0.05964806,0.06311137,0.06480119,0.05487197,0.04793844,0.05034796,0.06308248,0.09476033,0.14221586,0.15219243,0.10584883,0.05912749,0.04050166,0.03722440,0.03609765,0.05058947,0.05740017,0.05686912,0.04983522,0.04749973,0.05527594,0.07193428,0.10260098,0.14311828,0.14307603,0.08915905,0.04638479,0.03387068,0.03158118,0.02912746,0.04153100,0.04981974,0.05130949,0.04590404,0.04589283,0.05406621,0.06826308,0.09719371,0.13653714,0.12892257,0.07832533,0.04369696,0.03191241,0.02691979,0.02369368,0.04073723,0.04508130,0.04881619,0.04214417,0.04200982,0.05022496,0.06426416,0.09371115,0.13584375,0.12858004,0.07693154,0.04361738,0.03221982,0.02628759,0.01752111
10,0.1000,6.0000,0.06029299,0.07444968,0.05721419,0.04617878,0.04217990,0.04018638,0.03937080,0.03510568,0.03037469,0.03147099,0.03620755,0.04030098,0.03757222,0.02774004,0.02085564,0.11524898,0.10561355,0.08752848,0.07124883,0.06057393,0.05317099,0.04786021,0.04154945,0.03677923,0.03734393,0.04142996,0.04488388,0.04141876,0.03240708,0.02678270,0.15681535,0.15349061,0.14878850,0.13200129,0.11249749,0.09546635,0.08177193,0.07016219,0.06258830,0.06116303,0.06403689,0.06628369,0.06119043,0.05140032,0.04742440,0.15278238,0.15870843,0.17438822,0.17613167,0.16689126,0.15264402,0.13766581,0.12409405,0.11384409,0.10831586,0.10746925,0.10782456,0.10327983,0.09356295,0.09230974,0.10425283,0.11419827,0.13968515,0.15903690,0.16853175,0.16968992,0.16569807,0.15914334,0.15263975,0.14787838,0.14538632,0.14417911,0.14056250,0.13184861,0.13296790,0.06072956,0.06672734,0.08427012,0.10291595,0.11708704,0.12572933,0.13023491,0.13069134,0.12989918,0.13126395,0.13380165,0.13448451,0.13122034,0.12287990,0.12279953,0.04170946,0.04479069,0.05279154,0.06265102,0.06983577,0.07361202,0.07719875,0.07866970,0.07864059,0.08191835,0.08820724,0.09256133,0.09212910,0.08507718,0.08229553,0.04320923,0.04494614,0.04931612,0.05398674,0.05569574,0.05388105,0.05319999,0.05304187,0.05160747,0.05254268,0.05664222,0.06105308,0.06354304,0.05961903,0.05646657,0.05813272,0.05789234,0.06064308,0.06244301,0.06213531,0.05836010,0.05408833,0.05142437,0.04898639,0.04762260,0.04773720,0.04857268,0.05009086,0.04757608,0.04408313,0.07031065,0.06924273,0.07012558,0.06953751,0.06919439,0.06613319,0.06082272,0.05735844,0.05597373,0.05472265,0.05210172,0.04814955,0.04515370,0.04124346,0.03718760,0.06881826,0.07041875,0.07167933,0.06853007,0.06719584,0.06526379,0.06080324,0.05937638,0.06237456,0.06521574,0.06348079,0.05635605,0.04827722,0.04104644,0.03691045,0.06266929,0.06756632,0.07065278,0.06622150,0.06413882,0.06318992,0.05913507,0.05660369,0.06041583,0.06734592,0.07024645,0.06543920,0.05648166,0.04641814,0.04121864,0.06045199,0.06757537,0.06948634,0.06312527,0.06288259,0.06484781,0.06177669,0.05577887,0.05365176,0.05771682,0.06387111,0.06509687,0.06008843,0.05103673,0.04583807,0.05953116,0.06566581,0.06491412,0.05478177,0.05633530,0.06245436,0.06138325,0.05363355,0.04607061,0.04524431,0.05108893,0.05523831,0.05299525,0.04586819,0.04033218,0.05271382,0.06550628,0.06378445,0.05066036,0.05176264,0.06148718,0.06188367,0.05323811,0.04314174,0.03998979,0.04539070,0.05019248,0.04769166,0.04132181,0.02696300
10,0.3000,2.0000,0.04082749,0.05080347,0.07438514,0.06448387,0.07374378,0.05875190,0.06804427,0.07626730,0.07816244,0.06310081,0.03874667,0.04969418,0.05759237,0.06589619,0.11897751,0.05084605,0.05028850,0.05571636,0.06242379,0.05304460,0.05035291,0.05508673,0.05782584,0.06321191,0.05239953,0.04082778,0.04310901,0.05477361,0.07518332,0.07287193,0.06497137,0.06387834,0.06146002,0.06242284,0.04505758,0.03727818,0.03996428,0.04167302,0.05106249,0.04250798,0.03721786,0.04192027,0.04812465,0.04814966,0.05205864,0.08209691,0.07613987,0.06895382,0.06787166,0.05400206,0.03241877,0.03286125,0.03541444,0.04263346,0.05254254,0.05343919,0.04862349,0.04424372,0.04391833,0.03713187,0.08445889,0.06483004,0.06521365,0.07242950,0.05765963,0.03769019,0.03189740,0.03165185,0.03687208,0.06106070,0.05775160,0.05600379,0.04870441,0.04666313,0.04604809,0.07555186,0.06747958,0.06746086,0.07348107,0.06183153,0.06457746,0.05542951,0.05716540,0.07228270,0.08833568,0.10350793,0.09099884,0.09818382,0.08903523,0.09744710,0.06510641,0.06802695,0.08477571,0.10729884,0.12857571,0.14453724,0.16714426,0.17882588,0.19894903,0.21473778,0.22134719,0.23021779,0.23739434,0.23409963,0.24608035,0.08674165,0.08050664,0.12907641,0.17879679,0.20827682,0.21790232,0.21936974,0.21795002,0.21225144,0.21099845,0.21595232,0.23650918,0.25680855,0.26207755,0.26498601,0.17596736,0.18556513,0.21332278,0.21574998,0.18542668,0.15307070,0.13938393,0.12238501,0.11255246,0.11330232,0.11547316,0.12185118,0.13147567,0.14132041,0.11953572,0.21801123,0.20260291,0.19021935,0.17424203,0.13269550,0.11804133,0.09646152,0.09982750,0.10734125,0.10380540,0.09122321,0.08641882,0.11652686,0.09116206,0.07037648,0.12664490,0.11243548,0.10467917,0.11190609,0.11199770,0.09564618,0.10617641,0.13245314,0.12867850,0.11451422,0.10147628,0.10672942,0.10582532,0.11756006,0.10944963,0.07152471,0.06359945,0.05637550,0.07038211,0.08768438,0.08796638,0.11133931,0.13087169,0.13180274,0.11255029,0.10811332,0.09957898,0.12454829,0.14266868,0.14632916,0.05085471,0.04700558,0.04622371,0.05492912,0.05929963,0.08399881,0.11599695,0.13969293,0.11700459,0.11710302,0.11266397,0.10928937,0.12222399,0.15120300,0.16295716,0.04134371,0.05766198,0.04662449,0.05855728,0.06682802,0.09184715,0.12575020,0.12430355,0.12038595,0.12159381,0.12675747,0.10413655,0.11990739,0.15514460,0.20252182,0.09650987,0.04938883,0.06075061,0.05663759,0.07382353,0.12192004,0.11927564,0.11185257,0.11346640,0.13539565,0.12233032,0.13255789,0.11731666,0.17480935,0.22087487
10,0.3000,4.0000,0.02556172,0.04267246,0.04820421,0.04158134,0.03266951,0.03233084,0.03987472,0.04188908,0.04046265,0.05206788,0.06010335,0.07506618,0.13554339,0.18914343,0.13162761,0.03736659,0.04519495,0.05172887,0.04764078,0.03893607,0.03693410,0.04533674,0.04919519,0.05653967,0.07423362,0.09490918,0.12755970,0.19286489,0.20587620,0.19527385,0.04121519,0.04936639,0.05399917,0.05557178,0.05055866,0.04865176,0.06297911,0.09426033,0.13272118,0.17705916,0.21718214,0.25176621,0.25481912,0.20362200,0.16269025,0.04644723,0.04592135,0.04859086,0.06131823,0.07180315,0.07978379,0.12135769,0.18371244,0.23638128,0.26154849,0.26133366,0.23482968,0.18321200,0.12369879,0.09209627,0.05319718,0.05190372,0.05995032,0.09704929,0.13414457,0.16470368,0.20525864,0.22297089,0.20246119,0.16901365,0.13836163,0.10682500,0.08412009,0.07146778,0.06043495,0.09873064,0.10550540,0.13547245,0.18384794,0.20949234,0.20051125,0.17583730,0.13932360,0.09603116,0.07265050,0.06302552,0.05461111,0.06008045,0.06846019,0.06528851,0.17639744,0.18488704,0.21049031,0.20789218,0.16567343,0.11298316,0.08776734,0.07421453,0.05864968,0.05915549,0.06287577,0.06576356,0.07558887,0.09102810,0.09586562,0.15836805,0.16633273,0.16356261,0.12099382,0.07929602,0.05500027,0.05634942,0.05817573,0.05617480,0.06612674,0.07854189,0.08734004,0.09994822,0.10440582,0.10236657,0.08631407,0.10152670,0.09816280,0.06733601,0.05171486,0.04948534,0.05759918,0.06286315,0.06517908,0.07900830,0.09027603,0.09399974,0.09511825,0.08985724,0.08089112,0.07140556,0.08103873,0.08068354,0.06149738,0.05809417,0.05940097,0.06692792,0.06939674,0.06582605,0.07394476,0.08170319,0.07873280,0.07578045,0.07080600,0.06772547,0.05839113,0.06815033,0.07020539,0.06340559,0.06750569,0.07482301,0.07882278,0.06817286,0.05848700,0.06331962,0.07339192,0.06911218,0.06427387,0.05995743,0.05587869,0.04561843,0.05742032,0.06687987,0.07821883,0.08320699,0.09013744,0.08654284,0.07134712,0.05912651,0.06888451,0.07863739,0.07590062,0.06909057,0.06807626,0.06126234,0.05076087,0.06702826,0.08610359,0.09476392,0.09591697,0.08644995,0.07212931,0.06769809,0.06812687,0.07363023,0.08778967,0.09276414,0.09281992,0.09933720,0.10654942,0.06140125,0.07555273,0.08796268,0.08891559,0.08715661,0.07343241,0.06072881,0.06000413,0.06812313,0.07142120,0.09199721,0.10204478,0.10078052,0.10923216,0.11115993,0.05630024,0.07186192,0.07748362,0.07332081,0.08128335,0.07530464,0.05617131,0.06555339,0.06797221,0.07389645,0.09641841,0.10306755,0.09195418,0.10372874,0.10042358
10,0.3000,6.0000,0.04184533,0.05650169,0.06385119,0.06567968,0.05536658,0.04615214,0.05491235,0.07062371,0.07208020,0.05753031,0.04870694,0.05104076,0.07639437,0.09398319,0.09194330,0.06247280,0.06961860,0.07737037,0.07700039,0.06378026,0.05002729,0.05666431,0.07209816,0.07398732,0.06175591,0.05173395,0.05826378,0.08290670,0.09699127,0.09012373,0.07279273,0.07974817,0.09007905,0.09109431,0.08033620,0.06391201,0.06384040,0.07486506,0.07781205,0.06960027,0.06262235,0.06996613,0.09143343,0.09458465,0.08464078,0.05717347,0.06469203,0.07405276,0.08520353,0.09024944,0.08210787,0.07108090,0.06647908,0.07012328,0.06856464,0.06662459,0.07735124,0.09501287,0.08814080,0.07348982,0.04420828,0.05157061,0.05655810,0.06592291,0.08159375,0.08561306,0.07380005,0.06213717,0.06353725,0.06781570,0.06839039,0.07951513,0.09365470,0.08714404,0.07547262,0.04914211,0.05555183,0.05667474,0.05588682,0.06415350,0.07091066,0.07091681,0.06775017,0.07132287,0.07595441,0.07572230,0.08069044,0.09001633,0.08859134,0.08557513,0.06043860,0.06824234,0.06695730,0.05590465,0.05320756,0.05486642,0.05889872,0.06338183,0.06826037,0.07234219,0.07444465,0.07565209,0.08022173,0.08374429,0.08616605,0.08381593,0.08971762,0.09084345,0.07282917,0.05966434,0.05171586,0.05055427,0.05499292,0.05548029,0.05711773,0.06149313,0.06321123,0.06469646,0.06504504,0.06469734,0.14274193,0.14744890,0.15279556,0.13510236,0.11166374,0.09065421,0.07787882,0.07343169,0.06552977,0.05649732,0.05480770,0.05424692,0.05258463,0.04901368,0.04521917,0.16490347,0.16923999,0.18820539,0.19369567,0.18441521,0.17035711,0.15945128,0.14784523,0.12753321,0.10078556,0.08067019,0.06748998,0.05758206,0.04934627,0.04424505,0.10258243,0.10612273,0.12662072,0.15026749,0.16257081,0.17080740,0.18648394,0.20411057,0.20976304,0.19788749,0.17359646,0.14009067,0.10343784,0.07074007,0.05608554,0.04626486,0.04995442,0.06191929,0.07924872,0.08718568,0.09255425,0.11110419,0.14483450,0.18311827,0.21470806,0.23285318,0.22662308,0.18638806,0.12347740,0.08937041,0.03460186,0.03885085,0.04753839,0.05354932,0.05170403,0.04760787,0.05400679,0.07071656,0.09333759,0.12172547,0.15701465,0.19827632,0.21858719,0.18265212,0.14798862,0.03113202,0.03785320,0.04521075,0.04509041,0.03978726,0.03531815,0.03781733,0.04324315,0.04844308,0.05811014,0.07196740,0.10484749,0.17032018,0.19328386,0.17078917,0.02332040,0.03525979,0.04381561,0.04232034,0.03562945,0.03168250,0.03547059,0.03988693,0.04161469,0.04674468,0.04922020,0.06804723,0.13094380,0.19132534,0.14174953
10,0.5000,2.0000,0.05681276,0.05559076,0.04651569,0.04087248,0.04907920,0.09003433,0.26427145,0.28230570,0.14468758,0.12330371,0.12227403,0.09557491,0.11759286,0.11916711,0.09876751,0.05964093,0.05401490,0.04747199,0.04337424,0.04423745,0.11910224,0.28108701,0.25278658,0.11937082,0.12535949,0.12708176,0.10073960,0.09806499,0.13346004,0.17022944,0.06336693,0.05935318,0.04714548,0.03922432,0.06495286,0.19178005,0.30760056,0.18158575,0.08796967,0.11298170,0.12338228,0.10039980,0.10319402,0.15219905,0.25190874,0.08152133,0.06695811,0.05884271,0.04990268,0.11727324,0.27571986,0.26415478,0.11734308,0.06741174,0.10087421,0.12006125,0.11222125,0.11980749,0.15485838,0.16638480,0.08199642,0.07541072,0.06469547,0.07119003,0.18030179,0.30741322,0.18397840,0.08149231,0.07281409,0.09997058,0.10901848,0.10382787,0.13714430,0.11674583,0.14072296,0.07334935,0.06958029,0.05842337,0.06790681,0.22132106,0.28098987,0.12357415,0.06482573,0.07718830,0.09434465,0.09843463,0.10206591,0.12336410,0.13733171,0.12517231,0.09041578,0.08182061,0.05810443,0.06447486,0.21379571,0.26729762,0.11654179,0.07125219,0.07057145,0.08601754,0.08727487,0.10304133,0.12537136,0.13410960,0.13209516,0.15296623,0.08839816,0.05728266,0.06236065,0.17486424,0.26761854,0.15350842,0.07237136,0.07181622,0.08275667,0.08083791,0.09912681,0.11945206,0.12490654,0.11640663,0.08848715,0.07377807,0.06200154,0.06739482,0.13040845,0.24056494,0.18354292,0.08370566,0.08163497,0.08671316,0.08692260,0.09676973,0.13968043,0.10597814,0.09592083,0.05198379,0.05765493,0.06803444,0.07823406,0.09073402,0.19812159,0.19876470,0.08854422,0.07413041,0.09166602,0.10242407,0.10601758,0.10198128,0.10807695,0.09978619,0.03913002,0.05684787,0.08387960,0.07996046,0.08004282,0.16782059,0.22605850,0.11194317,0.06457556,0.09222169,0.11898414,0.12753178,0.12694288,0.13204974,0.12636101,0.04797312,0.06650207,0.08630421,0.07856494,0.07791943,0.14726516,0.24516330,0.18472814,0.08710253,0.07689526,0.10583926,0.15971968,0.14357732,0.14572099,0.14102133,0.05658845,0.06735924,0.07786100,0.07349579,0.08102145,0.11286158,0.21268764,0.26160467,0.14407183,0.06990753,0.08371257,0.09914683,0.10845424,0.13118000,0.15982969,0.07018366,0.07253910,0.06900698,0.07291742,0.08562233,0.09241199,0.15721219,0.28496069,0.20279421,0.07948706,0.06943870,0.07718885,0.08445092,0.10583656,0.12179659,0.06463828,0.06808602,0.06582813,0.07313138,0.10087611,0.11669685,0.13965748,0.28503746,0.24519956,0.08763636,0.05830202,0.06310549,0.08338275,0.10295170,0.10640770
10,0.5000,4.0000,0.09635214,0.23631590,0.27075952,0.13897590,0.07040093,0.06622004,0.05442541,0.05155589,0.04502035,0.03993630,0.04657522,0.05531946,0.05360723,0.04569450,0.03230545,0.10513252,0.19597860,0.27146750,0.16935514,0.08381641,0.06578500,0.05808531,0.05196902,0.04505959,0.04066706,0.04799235,0.05536749,0.05558480,0.04983725,0.04761250,0.07639381,0.14327154,0.25535701,0.25740902,0.17412984,0.12071198,0.08684171,0.06372311,0.04675497,0.04199935,0.05089894,0.05528535,0.05159511,0.05150152,0.05296342,0.06165525,0.09265467,0.17363056,0.24834146,0.27424333,0.24318914,0.18380021,0.11837328,0.07398213,0.05991060,0.06438080,0.05905832,0.04387026,0.04954994,0.04771563,0.04559792,0.05750433,0.08815442,0.13266896,0.17819854,0.23132581,0.25535084,0.22277066,0.16637832,0.13412033,0.12119705,0.10193852,0.07292912,0.07480890,0.08024628,0.04824609,0.05208500,0.06351228,0.07102523,0.07344879,0.10002850,0.15732520,0.20001870,0.21647345,0.21310123,0.21450303,0.20656588,0.18232721,0.16374551,0.16979809,0.05678571,0.06502578,0.07320069,0.07440653,0.06800115,0.06680510,0.08322586,0.09703710,0.11501609,0.14801030,0.17603182,0.19280305,0.20029177,0.18776281,0.17945053,0.08361344,0.09021739,0.09043834,0.08213408,0.08016424,0.07549635,0.07641444,0.06513958,0.05206039,0.06104883,0.07524147,0.09425671,0.11594486,0.11486094,0.09957020,0.10199672,0.10950932,0.10551691,0.08335124,0.07472019,0.08187151,0.08541230,0.07769831,0.06064083,0.05781200,0.05856251,0.06935359,0.08888904,0.08455614,0.07570658,0.09478792,0.11081955,0.11103257,0.08073010,0.07456336,0.07877689,0.08216941,0.08185051,0.08162314,0.07659949,0.07018207,0.06816070,0.07828296,0.07885109,0.06639614,0.09129899,0.11462415,0.10809695,0.08041643,0.07121861,0.07177843,0.06964997,0.07267463,0.08801764,0.09651950,0.08169718,0.06974345,0.06365460,0.06005104,0.05443557,0.10940526,0.11420585,0.10261057,0.07212236,0.07024832,0.07546088,0.07574259,0.07576213,0.08921107,0.10300275,0.10838602,0.08385051,0.06965423,0.05787604,0.04610374,0.11810053,0.12336824,0.09451261,0.06894085,0.07491519,0.08332544,0.09896222,0.09669184,0.08406597,0.08957388,0.11230327,0.11784100,0.10078787,0.08045066,0.06862205,0.13340239,0.12977726,0.08959901,0.06485541,0.07175869,0.07870254,0.10592668,0.10841872,0.07501996,0.06827378,0.09726496,0.11100243,0.09857049,0.08478235,0.08037956,0.15760570,0.13403557,0.08425814,0.05758739,0.06389771,0.07706135,0.09886147,0.11703791,0.07624963,0.06073292,0.08682376,0.09101505,0.07631576,0.07171748,0.05110257
10,0.5000,6.0000,0.02400400,0.03532534,0.03947872,0.04050313,0.04958673,0.10502726,0.17741788,0.14951252,0.07814998,0.06088798,0.05578185,0.05587596,0.07273522,0.07240270,0.04974833,0.03899474,0.04232064,0.04604883,0.04294589,0.05090929,0.10868714,0.18184494,0.15543380,0.08856271,0.06860121,0.06026799,0.06194507,0.08052168,0.08067579,0.06806538,0.04460049,0.04857283,0.05115279,0.04700736,0.06082838,0.13324502,0.20187672,0.15726537,0.09160243,0.06811103,0.06038566,0.06795024,0.08745033,0.08848069,0.07536210,0.04142658,0.04590416,0.05062178,0.05580872,0.09101090,0.17500669,0.20262268,0.12660184,0.07024248,0.05796814,0.06314776,0.07667876,0.09301717,0.08559186,0.08035626,0.03746689,0.04103126,0.04652559,0.06378090,0.12430718,0.20358208,0.17465409,0.09031159,0.05510526,0.05469269,0.07326917,0.09204038,0.09167289,0.07565852,0.06709625,0.04011921,0.04189517,0.04600884,0.06939342,0.15058026,0.20495312,0.13273261,0.06467623,0.05180860,0.06023799,0.07968088,0.09271241,0.07987505,0.05938353,0.05493988,0.04624477,0.04812762,0.05297212,0.08598697,0.17736876,0.19370321,0.09889787,0.05184831,0.05749152,0.07117818,0.08107386,0.08108357,0.07014632,0.05921260,0.05737974,0.05050207,0.05324000,0.06539680,0.11748909,0.20597849,0.17974686,0.08182718,0.05397809,0.06546658,0.07323613,0.06890388,0.07244426,0.07454494,0.07079803,0.07040344,0.05366799,0.05911922,0.09006214,0.16898613,0.22857868,0.16020112,0.08101063,0.06322674,0.07479524,0.07199148,0.06351058,0.07428744,0.08424913,0.07973068,0.07594435,0.05592007,0.07238819,0.13841429,0.22425408,0.21536971,0.12778756,0.07616228,0.07153946,0.08239697,0.07806049,0.07167352,0.08036984,0.08216086,0.07367258,0.06979255,0.10550632,0.13723775,0.21216194,0.23360472,0.16042842,0.08890504,0.06871979,0.07384168,0.07838670,0.07519301,0.07316179,0.07226934,0.06629099,0.05953306,0.05871279,0.23425455,0.24322278,0.24797899,0.18713972,0.10478822,0.06877025,0.07145529,0.07951134,0.07918699,0.07714321,0.07961165,0.07206706,0.06172738,0.05573710,0.05509831,0.25281201,0.22192277,0.16806827,0.10716494,0.06767170,0.05909814,0.07392330,0.08827752,0.08979645,0.09481260,0.10145758,0.09768429,0.08808049,0.08144889,0.07759498,0.11592533,0.09828739,0.06970980,0.05094902,0.04480601,0.04855275,0.06971742,0.08821323,0.08777502,0.08889109,0.09492493,0.10033115,0.10968582,0.10803100,0.10379010,0.04170933,0.04727407,0.03848126,0.03687238,0.03668768,0.04236057,0.06816893,0.08645799,0.08065699,0.07394726,0.07549426,0.08582877,0.10386760,0.10730517,0.11283223
15,0.1000,2.0000,0.09417289,0.09872442,0.09536994,0.10430613,0.12687690,0.17628671,0.15500622,0.16408169,0.21062055,0.16412305,0.08868605,0.07250020,0.05208896,0.13103575,0.23281516,0.07301292,0.09061209,0.10514199,0.09665396,0.11409769,0.13418057,0.12728758,0.15683705,0.18026796,0.14356355,0.09172471,0.06338881,0.06200951,0.10601514,0.17010014,0.08241888,0.08870532,0.11524344,0.10536015,0.11139058,0.11686020,0.13346535,0.16399262,0.14435879,0.10480984,0.07603610,0.06604103,0.05814528,0.09235040,0.12982453,0.07649862,0.11419611,0.15159757,0.17519432,0.16904291,0.15896348,0.16291256,0.15158539,0.12039140,0.08702697,0.06334654,0.06619677,0.05652294,0.07879714,0.12026617,0.18325538,0.18858619,0.24680624,0.30624463,0.31594336,0.30049208,0.24179374,0.20319042,0.13932230,0.10592585,0.08777972,0.07761168,0.07682690,0.08503840,0.10183840,0.26634137,0.27191404,0.28325327,0.27837033,0.28512941,0.29423653,0.30063397,0.20557823,0.18066402,0.13095539,0.09720133,0.07454206,0.08299173,0.07855860,0.07585957,0.25972426,0.22677822,0.16473178,0.10771424,0.10620925,0.12475232,0.16295991,0.18006796,0.20464546,0.16630691,0.06651300,0.07639792,0.07826474,0.08784009,0.07596325,0.12829084,0.10471684,0.07333796,0.04984864,0.05183558,0.07923279,0.11093182,0.17058255,0.24760356,0.20313947,0.10858895,0.09413644,0.11337174,0.09663018,0.09689642,0.04310982,0.05579978,0.06111807,0.05962435,0.06284401,0.07840107,0.08759196,0.12489449,0.23656738,0.23760811,0.13462867,0.11444013,0.12650677,0.12062589,0.11222625,0.05083276,0.05546988,0.06570116,0.07224101,0.07626828,0.07934404,0.09239180,0.10688538,0.18486650,0.23463632,0.13004872,0.13880793,0.12122032,0.11726209,0.11628630,0.07185099,0.06949785,0.07654967,0.09612785,0.09114494,0.08952351,0.07925799,0.09973427,0.17039196,0.23096034,0.15857198,0.10626210,0.10216779,0.11124883,0.27425801,0.12293582,0.12252372,0.13177431,0.13174462,0.13392556,0.11077249,0.09557488,0.10470356,0.20121093,0.22675538,0.17878644,0.11223275,0.10848179,0.12820479,0.17331300,0.17609643,0.16485928,0.18737088,0.19058007,0.20065923,0.19333345,0.15339441,0.14961014,0.21041757,0.20254111,0.15518621,0.10064182,0.09010059,0.10311848,0.10954037,0.17033218,0.13103306,0.16312521,0.27644964,0.19435253,0.22662454,0.19555719,0.19729521,0.18472796,0.18349606,0.17080547,0.11589909,0.07773487,0.06892761,0.07344335,0.12455728,0.09585107,0.14408434,0.18253138,0.21235744,0.15690769,0.22067878,0.32894365,0.25278979,0.22451818,0.18965247,0.12052830,0.10187937,0.06196895,0.04109701
15,0.1000,4.0000,0.08953170,0.09684734,0.08307225,0.05775135,0.06885244,0.08330876,0.07583334,0.06763659,0.06958715,0.07209579,0.07189495,0.07293251,0.06306910,0.05115032,0.04133835,0.08401685,0.09501990,0.08266840,0.06605259,0.07036867,0.08220814,0.07743810,0.06929493,0.07360002,0.07959006,0.07966069,0.07575452,0.06375152,0.05117019,0.04948450,0.08175822,0.08774544,0.08271231,0.07028877,0.07489823,0.08535171,0.07699296,0.06742494,0.07854843,0.09277666,0.09167709,0.07776831,0.06101140,0.05146080,0.04816744,0.07444411,0.08033238,0.07813513,0.07275050,0.07763756,0.08132385,0.07299138,0.06846154,0.07861470,0.09125231,0.08463052,0.06980931,0.05721953,0.05045969,0.04856944,0.07935416,0.08004036,0.07811933,0.07400285,0.07371858,0.07465091,0.07706432,0.07850042,0.08462204,0.08372053,0.06960164,0.06251025,0.05784646,0.05417278,0.04390630,0.07452907,0.07752857,0.07856831,0.07298444,0.06635118,0.06706480,0.07743306,0.08327357,0.07920584,0.06855356,0.06120059,0.06486205,0.06631962,0.05851550,0.05325618,0.05924306,0.06516999,0.06985740,0.06646763,0.06226469,0.06467466,0.07088539,0.06857718,0.06124469,0.05965401,0.06778809,0.08299627,0.09151673,0.09071044,0.09014278,0.04674155,0.05225176,0.05883824,0.05840906,0.05913119,0.06025288,0.06187678,0.05745206,0.05930278,0.07747494,0.10515297,0.12880101,0.13918840,0.14127709,0.14813942,0.04230058,0.04870999,0.05602961,0.05702149,0.05959836,0.06439074,0.07048031,0.07899817,0.10077518,0.13523270,0.16224183,0.16924996,0.16324338,0.15419948,0.15854745,0.04373858,0.05017387,0.06168030,0.07748919,0.09669374,0.11535624,0.13237676,0.15069513,0.16990837,0.17853049,0.16519847,0.13999600,0.12131791,0.11035342,0.11096984,0.05726563,0.06904545,0.10300069,0.15017403,0.19012890,0.20545667,0.20281116,0.19087726,0.16936188,0.13750008,0.10335816,0.07759088,0.06760662,0.06401789,0.06253531,0.10205083,0.12739783,0.18454887,0.22740776,0.22824021,0.19730967,0.16358223,0.13292018,0.10120949,0.07351431,0.05498978,0.04802559,0.05019188,0.04830830,0.04274001,0.16598376,0.18681313,0.21212143,0.19090686,0.14004862,0.09769864,0.07762538,0.06832016,0.05572552,0.04481221,0.04111350,0.04451156,0.05098392,0.04902055,0.04248741,0.17234155,0.16712884,0.14887133,0.10259066,0.06399887,0.04513525,0.04098912,0.04348499,0.04252296,0.03913982,0.04032120,0.04616243,0.05362967,0.05240087,0.04725997,0.10253573,0.13561745,0.10877542,0.06973646,0.04871506,0.03868180,0.03740663,0.04144885,0.04276779,0.04134707,0.04219298,0.04769399,0.05545420,0.05465565,0.05251921
15,0.1000,6.0000,0.03585552,0.04237497,0.04390721,0.03973218,0.03878394,0.04558127,0.05630207,0.08130076,0.13244666,0.14922465,0.09932641,0.04889266,0.03175470,0.02850674,0.02219095,0.04538584,0.04939733,0.05123139,0.04676900,0.04463914,0.05007177,0.06025671,0.08437370,0.13283205,0.15110095,0.10478959,0.05542735,0.03923847,0.03602541,0.03451215,0.05222530,0.05742592,0.06476396,0.05904574,0.05081105,0.05171321,0.06099474,0.08646986,0.13778319,0.16459517,0.12320197,0.07133950,0.05191571,0.04597470,0.04442063,0.05837522,0.06345323,0.07315545,0.06989986,0.05724676,0.05006072,0.05395699,0.07789136,0.13207659,0.16918495,0.13469249,0.07990831,0.05456105,0.04442190,0.04167533,0.05716422,0.06071542,0.07090443,0.07398463,0.06351996,0.05152793,0.04958392,0.06765011,0.11964944,0.16741621,0.14052149,0.07983026,0.04876361,0.03820689,0.03532327,0.04840271,0.05150445,0.06197577,0.06945620,0.06472331,0.05384888,0.04884418,0.05960162,0.10546058,0.16335317,0.15065259,0.08669184,0.04921930,0.03799131,0.03592745,0.04569175,0.04927818,0.05770438,0.06363936,0.06316502,0.05636712,0.05048667,0.05573506,0.09423857,0.15745346,0.16418032,0.10408903,0.05848582,0.04278192,0.04076762,0.05506630,0.05697218,0.06120623,0.06117135,0.06004422,0.05744966,0.05285920,0.05556744,0.08743720,0.15057590,0.17532964,0.12558490,0.07110308,0.04747695,0.04382745,0.06742896,0.06717791,0.06866491,0.06348030,0.05869340,0.05772853,0.05552376,0.05670969,0.08259671,0.14151574,0.18175080,0.14859322,0.08704944,0.05262475,0.04403729,0.06812435,0.06870387,0.07170838,0.06805350,0.06315188,0.06175645,0.06002721,0.05838677,0.07480784,0.12521683,0.17857298,0.17159410,0.11238215,0.06193112,0.04606091,0.05563472,0.05928752,0.06604090,0.06801510,0.06749587,0.06688503,0.06397668,0.05855609,0.06559313,0.10256291,0.15960884,0.18402937,0.14892265,0.09501769,0.06934943,0.05422600,0.05786193,0.06509810,0.06805846,0.06927987,0.06877402,0.06580517,0.05969705,0.06005969,0.08169934,0.12741227,0.17279498,0.18182133,0.14881023,0.12934885,0.07121111,0.07311258,0.07548117,0.07390030,0.07297978,0.07062896,0.06649107,0.05938034,0.05438182,0.06118842,0.08732569,0.13095165,0.16825272,0.17602664,0.17549965,0.07580744,0.07597181,0.07477531,0.07200434,0.07194709,0.07012150,0.06416542,0.05367852,0.04383975,0.04076773,0.04977035,0.07649354,0.11239848,0.14024027,0.15360783,0.06198193,0.06740326,0.06830628,0.06605831,0.06869799,0.06931066,0.06272921,0.04990106,0.03786163,0.03204219,0.03461159,0.05070476,0.08090955,0.10777692,0.08520386
15,0.3000,2.0000,0.07268712,0.08761190,0.06368919,0.05560185,0.14419591,0.30659090,0.25866215,0.11081567,0.07426717,0.11515534,0.14175340,0.14384950,0.17718458,0.17718944,0.23745650,0.12866137,0.07276652,0.06234712,0.06918118,0.13926081,0.28018036,0.23324440,0.09097314,0.07802945,0.11049697,0.13699258,0.14934350,0.13865764,0.16168144,0.18264910,0.08473147,0.07242270,0.06101829,0.07331483,0.15698571,0.26951573,0.19385464,0.07779304,0.08066404,0.10396864,0.12265295,0.11662271,0.11587499,0.12128990,0.11158008,0.06059553,0.05320684,0.05168323,0.06107400,0.15349753,0.26200097,0.17279989,0.06816878,0.07603056,0.10785302,0.10597718,0.09777212,0.09142677,0.08953528,0.11077187,0.03946708,0.04163013,0.03442334,0.04784502,0.13770678,0.25957893,0.18696999,0.07453744,0.07603502,0.09730884,0.09242631,0.09258912,0.10447048,0.09619209,0.10313133,0.04267122,0.03808968,0.03873660,0.03952741,0.11577101,0.24829141,0.20706267,0.08995064,0.07243629,0.10673460,0.08786650,0.10180684,0.11175355,0.10507836,0.10403436,0.05587784,0.05435288,0.04956978,0.04924434,0.10122245,0.22667529,0.20163014,0.08542167,0.07699077,0.08792608,0.10071324,0.10446953,0.13342382,0.10956420,0.10593349,0.06627302,0.06133161,0.04973840,0.04517496,0.08730413,0.21058744,0.20663671,0.08046262,0.06013509,0.09178822,0.11364022,0.10877012,0.08994964,0.11189422,0.10545912,0.07298493,0.05161540,0.03773834,0.03552875,0.07396948,0.17155709,0.22392705,0.12312904,0.06792199,0.08157855,0.11668946,0.11895447,0.11932887,0.10719908,0.08964033,0.04593729,0.04254604,0.03066929,0.03713460,0.06334944,0.12178203,0.19990180,0.19227547,0.11505729,0.07878289,0.09828201,0.15369130,0.13932587,0.12482952,0.10904457,0.04737462,0.03966346,0.03809166,0.04492540,0.06408170,0.08657753,0.14870368,0.21529680,0.18975609,0.10182515,0.08704144,0.09184273,0.12316472,0.12971144,0.11643927,0.04544312,0.05216140,0.04503544,0.05153110,0.05601949,0.05951541,0.08685160,0.17432915,0.25776154,0.16509098,0.07462492,0.07033453,0.08543115,0.10287935,0.11630337,0.06790166,0.05874331,0.06076381,0.05304806,0.04695768,0.05312935,0.06648203,0.12451963,0.25607833,0.24208366,0.10614112,0.06223572,0.06883728,0.08743482,0.10621321,0.07220893,0.07543043,0.06755682,0.06361563,0.05744854,0.06110682,0.07717051,0.10108949,0.21798288,0.29139872,0.15952580,0.07342926,0.07531455,0.08664126,0.09787923,0.05619717,0.07850136,0.08725808,0.06760386,0.06448541,0.05869992,0.08399938,0.11215081,0.19388769,0.31065649,0.18836143,0.07980864,0.07015985,0.09224303,0.08704189
15,0.3000,4.0000,0.18060147,0.21632439,0.12357639,0.07551131,0.06941484,0.05777313,0.04785015,0.04367977,0.03599387,0.03397256,0.04520532,0.05487247,0.05386963,0.04732538,0.03361438,0.22643077,0.23816104,0.18376100,0.10555173,0.07420446,0.05873286,0.05210859,0.05105930,0.03970157,0.03845403,0.04755277,0.05336294,0.05471249,0.05059295,0.04885419,0.17533507,0.22027462,0.25658433,0.20501983,0.12990645,0.08774326,0.07139742,0.05877627,0.04983014,0.04610141,0.05406458,0.05531240,0.04869057,0.05033798,0.05196554,0.07676335,0.12443428,0.21324946,0.26543912,0.24607759,0.19368579,0.14431887,0.10804964,0.08377663,0.07798153,0.07934853,0.06299011,0.04375005,0.04875797,0.04774201,0.04789502,0.06202845,0.11458094,0.17269760,0.22679738,0.25220388,0.23776949,0.21088796,0.19146335,0.18295931,0.17060547,0.13446721,0.08894343,0.08421985,0.09026455,0.04943269,0.05298177,0.06658988,0.08491154,0.11087754,0.14680346,0.17267441,0.18101173,0.18572769,0.20013996,0.22486077,0.22659129,0.19946213,0.17716938,0.18178379,0.05367904,0.05896526,0.06519661,0.06445985,0.06815886,0.07606037,0.07470460,0.07156515,0.07544275,0.09069856,0.12691801,0.16609050,0.19124856,0.18204562,0.17125568,0.07581038,0.07736006,0.07665155,0.07425845,0.07439639,0.07127087,0.05902743,0.05669330,0.05164189,0.05159009,0.06068626,0.07905272,0.10182854,0.10399598,0.09241764,0.09641051,0.09643998,0.08671432,0.07508843,0.08441298,0.08421796,0.07367785,0.06993363,0.06221425,0.05634397,0.05566923,0.06178274,0.07578332,0.07768006,0.07486078,0.09560186,0.10618930,0.09953427,0.07992661,0.08187363,0.07997315,0.07248249,0.07652072,0.07440827,0.07190369,0.07389784,0.07147271,0.07126162,0.07060739,0.06487251,0.08909854,0.11054384,0.10598018,0.08086990,0.08144990,0.07609400,0.06506833,0.07200672,0.09033325,0.10449719,0.10831020,0.08901245,0.07909477,0.06655126,0.05399138,0.09769854,0.10867007,0.09977136,0.07049386,0.07516089,0.08271910,0.07299712,0.07074105,0.08341003,0.09706186,0.10634152,0.11457453,0.09733348,0.08436758,0.06900593,0.11199220,0.12087378,0.09589414,0.06532539,0.06999949,0.08344448,0.08280853,0.07536842,0.06964315,0.07325006,0.08416912,0.10210468,0.11632344,0.10664713,0.09700426,0.12431030,0.12729056,0.09678155,0.06750622,0.06697313,0.08138386,0.08371967,0.07434135,0.07101042,0.06709304,0.07608724,0.08838143,0.09296130,0.08785622,0.07919546,0.13954939,0.12886088,0.09409189,0.06713762,0.07663540,0.07914930,0.08707619,0.07232278,0.07475757,0.06421660,0.06608090,0.07115717,0.07269358,0.06802231,0.05086894
15,0.3000,6.0000,0.10142465,0.09986596,0.09547207,0.08132006,0.07554168,0.08187477,0.08812322,0.06711519,0.04230552,0.03561816,0.06387342,0.16526570,0.24556208,0.18442192,0.11558050,0.10477473,0.10563531,0.10129567,0.09196224,0.08591336,0.08743862,0.08557421,0.06602716,0.04597098,0.04457148,0.08530275,0.19284891,0.24056105,0.16922131,0.11656609,0.08568954,0.08908049,0.09068940,0.09140333,0.09184681,0.09038340,0.08405077,0.06787125,0.05461504,0.06288703,0.13060341,0.23999732,0.22189447,0.10678073,0.06209601,0.05950508,0.06344934,0.06652868,0.07127432,0.07983035,0.08336790,0.07891654,0.06641700,0.05786133,0.08005456,0.17336489,0.25156425,0.17461756,0.07789177,0.05243382,0.05481518,0.05738715,0.06467943,0.06723068,0.07280658,0.07687166,0.07331554,0.06019971,0.05412755,0.09733953,0.20704430,0.23252696,0.12941707,0.06185747,0.05067930,0.06006090,0.06772295,0.07390247,0.07163354,0.07082475,0.07338241,0.07021381,0.05777754,0.05999431,0.12854783,0.22822995,0.19572385,0.09470633,0.04929878,0.04301686,0.06597558,0.07255247,0.07861854,0.07008743,0.06438916,0.06985578,0.06983945,0.06307316,0.07798940,0.16006141,0.22612385,0.15291984,0.06998882,0.04399048,0.04079795,0.06419809,0.07079278,0.07524753,0.06615063,0.06291774,0.06798539,0.06599009,0.05998337,0.08017158,0.16911912,0.20372215,0.11684556,0.05364718,0.03872551,0.03512845,0.06376536,0.06558765,0.06588461,0.06908021,0.07402055,0.06944103,0.05788064,0.04922071,0.07586304,0.16662607,0.18596083,0.09948218,0.04679369,0.03502673,0.03144098,0.05629970,0.05614803,0.06091581,0.07778591,0.08810602,0.07112457,0.05299307,0.04861398,0.08215550,0.17379651,0.18513583,0.09730603,0.04946988,0.03879935,0.03609888,0.05380134,0.05892463,0.07143918,0.08906432,0.09053799,0.06773102,0.05131692,0.05235851,0.09658624,0.18985828,0.18860913,0.09754539,0.05551717,0.04595790,0.04477000,0.06071473,0.07294863,0.08840456,0.09456902,0.07760820,0.06220127,0.05487483,0.06144607,0.11238270,0.19874345,0.17868124,0.08516591,0.05145454,0.04833186,0.04790990,0.06635556,0.08058819,0.09961040,0.08788661,0.06578451,0.05939601,0.06554359,0.07862318,0.12595411,0.19304551,0.16149088,0.07161402,0.04343223,0.04356378,0.04210959,0.05537542,0.07160581,0.09207059,0.07781576,0.05479839,0.05337966,0.06527262,0.07830366,0.11450329,0.17244977,0.15276045,0.07594289,0.04533297,0.03913754,0.03507040,0.03905876,0.06069946,0.08307425,0.07021154,0.04490460,0.04372980,0.05739998,0.07035404,0.10199048,0.16347826,0.15660626,0.08205664,0.04583162,0.03722707,0.02721434
15,0.5000,2.0000,0.18182187,0.10607528,0.07879190,0.08158867,0.09650492,0.06291009,0.05709447,0.19974129,0.33608049,0.19970058,0.08204959,0.11507209,0.13973130,0.13905520,0.15367438,0.09972998,0.08730849,0.06980521,0.07071375,0.06570941,0.05900033,0.06785354,0.21371459,0.31957851,0.17356438,0.09056045,0.12987637,0.14525948,0.15679396,0.17334693,0.05858472,0.05410637,0.05279654,0.07360463,0.07244550,0.06750227,0.12629364,0.27777097,0.27573902,0.13942253,0.11476603,0.13663579,0.15487666,0.17465532,0.24848124,0.07968690,0.06444856,0.07081454,0.12573572,0.17170785,0.21396359,0.26118768,0.29261647,0.18945145,0.11547189,0.12922812,0.12820927,0.13404102,0.14752672,0.16602428,0.26266089,0.22051113,0.21119944,0.25188286,0.26433934,0.22718927,0.20668846,0.18346380,0.12713500,0.10174847,0.12330416,0.11596022,0.09413379,0.10518161,0.09623799,0.30000322,0.31447879,0.31626781,0.24938185,0.15466079,0.08678993,0.08400552,0.10034952,0.09081615,0.09661128,0.11406490,0.12312515,0.11985082,0.08132873,0.06904015,0.18751557,0.19150409,0.20406369,0.16695883,0.08320196,0.05261611,0.05844458,0.09082788,0.08296417,0.08310443,0.10281115,0.11713808,0.10849031,0.09078499,0.08659357,0.11839522,0.11924643,0.14517767,0.11187582,0.07703315,0.05364349,0.06524800,0.07919081,0.08585981,0.09174622,0.09356918,0.10501225,0.09886478,0.09057381,0.09321900,0.09244039,0.10910322,0.12675237,0.11283173,0.07514167,0.05672907,0.07489139,0.07338625,0.07615329,0.09747182,0.10869570,0.10765277,0.09730013,0.09228058,0.08439631,0.08431073,0.09651552,0.12115022,0.09199070,0.07628292,0.06701077,0.08500197,0.07788533,0.06018367,0.08182148,0.12731934,0.10717407,0.13726215,0.10842055,0.09450187,0.09091763,0.09060078,0.07434886,0.09193877,0.13219717,0.18489038,0.21544427,0.17146005,0.10207643,0.07973754,0.09400850,0.11343109,0.10907619,0.11183678,0.15513285,0.12485397,0.09556670,0.10068232,0.15761004,0.24384967,0.27760162,0.29077523,0.30013175,0.21801345,0.13680264,0.09495646,0.09676888,0.09729282,0.09364197,0.10016687,0.09839796,0.14947430,0.20911966,0.26523999,0.23133889,0.15840805,0.14395433,0.22124571,0.29717494,0.23666004,0.14439049,0.09674321,0.09817308,0.07671537,0.06557735,0.14591547,0.19916790,0.24658076,0.18790623,0.12402181,0.08604835,0.09103698,0.12371038,0.22944032,0.31671739,0.20307002,0.10891720,0.10382252,0.09843253,0.08579382,0.13143986,0.22417813,0.17664032,0.10190746,0.07464122,0.06400360,0.10836791,0.12780155,0.17912476,0.33915844,0.24878437,0.11485864,0.10174561,0.08260821,0.10687482
15,0.5000,4.0000,0.10845666,0.10454556,0.08921240,0.10389540,0.10533239,0.08119532,0.07792901,0.09836390,0.06619681,0.05754917,0.09200237,0.10756883,0.08429014,0.08146851,0.07372100,0.13192065,0.12690735,0.10458731,0.10627738,0.10116033,0.07472861,0.07920192,0.08467803,0.07560344,0.07928245,0.10241554,0.11438389,0.11134271,0.09909733,0.08333527,0.18712771,0.14014231,0.10381718,0.09917561,0.09637721,0.07727148,0.07186890,0.07788267,0.08675307,0.10373142,0.11919620,0.12238317,0.10748099,0.08939405,0.07261445,0.14355998,0.11832451,0.08588160,0.08142809,0.08543349,0.08108148,0.07511087,0.07370869,0.09391852,0.10822508,0.10373600,0.07865241,0.07375625,0.06667989,0.05572185,0.08631288,0.08222554,0.07359759,0.07756832,0.08725750,0.08815162,0.08467853,0.07674621,0.08132395,0.08990641,0.07906925,0.06288782,0.07002001,0.07398516,0.07225907,0.06572306,0.07014043,0.07861068,0.08835647,0.09671130,0.09740173,0.07749119,0.06606801,0.06749399,0.06691479,0.06056812,0.06178385,0.07866006,0.08215366,0.08381117,0.07130998,0.07609669,0.09237538,0.09599568,0.09299705,0.09173664,0.07263109,0.06174294,0.06037904,0.05528922,0.05953164,0.07270205,0.10254026,0.10379582,0.08595187,0.07173795,0.08059015,0.09898603,0.08631680,0.07739752,0.08184701,0.07311198,0.06557604,0.06006358,0.07458802,0.10840896,0.15256212,0.19278550,0.19050970,0.17833229,0.09306337,0.10235663,0.10366460,0.08163302,0.07760805,0.08246322,0.07433147,0.07719023,0.10562711,0.16251242,0.21939200,0.23818256,0.21444022,0.19219582,0.19927192,0.11152069,0.10708331,0.09715580,0.08362067,0.10742371,0.12865571,0.14221364,0.17761392,0.21361735,0.22291091,0.20638091,0.15912193,0.09948729,0.09251379,0.09522216,0.08560336,0.08587294,0.08400546,0.10665567,0.18190254,0.23545790,0.25635028,0.24410351,0.19104070,0.13535832,0.10947069,0.07620380,0.05088016,0.05681018,0.06081817,0.05885308,0.06651657,0.09891411,0.18140597,0.26415549,0.25082773,0.19527717,0.14629122,0.09853600,0.06783051,0.06455665,0.06318928,0.05453341,0.05674028,0.06060026,0.05470316,0.05969152,0.13461222,0.26434658,0.25600205,0.13893457,0.08753263,0.07333725,0.06457105,0.05374565,0.04955918,0.05528276,0.06018632,0.05646191,0.05004721,0.04902197,0.05806929,0.16634389,0.29416439,0.20625029,0.08314892,0.06973707,0.06199051,0.05685612,0.04838699,0.04259067,0.05058870,0.05866561,0.05076254,0.04279575,0.04868692,0.05478624,0.19422899,0.30683122,0.18834914,0.08753993,0.07604417,0.06511781,0.05796208,0.04529909,0.03866457,0.04692833,0.05584092,0.04968963,0.03331080
15,0.5000,6.0000,0.04669364,0.06224464,0.06760651,0.07051789,0.06548709,0.06032049,0.07054400,0.07193510,0.07777014,0.07188390,0.06185788,0.05880068,0.08822249,0.11659892,0.12481516,0.07315229,0.08158007,0.08850931,0.08724603,0.07537440,0.06297763,0.07049706,0.07971364,0.08564301,0.08008142,0.06269979,0.06153633,0.09044851,0.11861133,0.11575389,0.09058148,0.10081352,0.11050162,0.10169272,0.08106438,0.06532137,0.06953884,0.08212223,0.09107787,0.09023223,0.07165930,0.06362789,0.09212811,0.11497136,0.10463101,0.07013940,0.08106994,0.09122796,0.10326564,0.09999880,0.08595150,0.07912440,0.06986746,0.07109293,0.08362350,0.07641639,0.07161257,0.10023202,0.10350163,0.08741799,0.05333900,0.06328489,0.07131747,0.08225720,0.10069557,0.10380525,0.09321978,0.06730773,0.05714478,0.07274922,0.07681605,0.08081686,0.10658297,0.10212742,0.08067927,0.06123385,0.06604446,0.06707233,0.06771552,0.07084029,0.07437889,0.08249237,0.07783543,0.07250069,0.07972336,0.07854904,0.08237371,0.10060566,0.09782551,0.08238303,0.06616472,0.07246854,0.07262819,0.06012412,0.05096557,0.05031619,0.05799048,0.06606199,0.07207764,0.07882697,0.08060185,0.08398397,0.09607317,0.09741555,0.09388298,0.08891025,0.10068662,0.10358711,0.08417624,0.06381451,0.05049265,0.04707354,0.05133325,0.05708083,0.06606509,0.07386704,0.08155029,0.08569063,0.08317022,0.08546891,0.16786711,0.17783708,0.19297574,0.17883360,0.14444609,0.10685214,0.08330230,0.07570357,0.08021033,0.07891273,0.07328485,0.07181055,0.06678466,0.05733078,0.05331897,0.17508549,0.17368365,0.19240050,0.21653830,0.22261095,0.20558730,0.18754822,0.17987097,0.17340436,0.14935387,0.10862182,0.07995879,0.06345815,0.04882390,0.04129816,0.08929681,0.08360922,0.08660817,0.11749865,0.15224860,0.17293661,0.18758138,0.20739957,0.23568830,0.24761526,0.21278204,0.15441822,0.10015396,0.05568897,0.04180339,0.04608795,0.04708408,0.04546173,0.05812213,0.07180540,0.07667344,0.08885926,0.11286644,0.14909331,0.20228753,0.25004607,0.24922991,0.17944998,0.08482932,0.04556515,0.04182015,0.04761109,0.05113235,0.05299415,0.05054007,0.04558586,0.04982028,0.06225719,0.07366358,0.09627545,0.15050346,0.23949709,0.24959959,0.13819276,0.06745352,0.03743241,0.04597527,0.05453463,0.05155575,0.04386998,0.03823980,0.04294956,0.05195534,0.05697911,0.06095529,0.07694188,0.16287474,0.26273264,0.19481886,0.09982057,0.02759345,0.04312577,0.05359233,0.05031982,0.04195273,0.03591729,0.03885310,0.04985290,0.05586348,0.05942492,0.06393669,0.12770237,0.25893534,0.23120081,0.10142533
